Marca temporal,Sección 1: Perfil docente 1. Sexo:,2. Rango de edad:,3. Nivel máximo de formación académica:,4. Años de experiencia enseñando matemáticas:,5. Nivel(es) educativo(s) en los que enseña matemáticas (puede marcar más de uno):,6. Tipo de institución educativa:,7. Ubicación de la institución:,8a. Provincia donde se ubica la institución:,8b. Nombre de la institución educativa donde trabaja,9. ¿Su institución cuenta con acceso a internet?,10. ¿Cómo describiría la calidad de la conexión a internet en su institución? (Solo si respondió Sí en la pregunta 9),11. ¿Dispone de acceso a internet en el aula donde imparte clases? (Solo si respondió Sí en la pregunta 9),12. ¿Dispone de dispositivos digitales para su uso docente en el aula? (puede marcar más de uno),13. ¿Sus estudiantes tienen acceso a dispositivos digitales durante las clases de matemáticas?,14. ¿Dispone de acceso a internet en su hogar?,15. ¿Conoce GeoGebra?,16. ¿Ha utilizado GeoGebra en su práctica docente?,17. ¿En qué año utilizó GeoGebra por primera vez en su práctica docente?,18. ¿Con qué frecuencia usa GeoGebra actualmente?,19. ¿Cómo conoció GeoGebra por primera vez? (seleccione la opción principal),20. ¿Para qué usa o ha usado GeoGebra principalmente? (puede marcar más de uno),Sección 3.2 Desmos 21. ¿Conoce Desmos?,22. ¿Ha utilizado Desmos en su práctica docente?,23. ¿En qué año utilizó Desmos por primera vez en su práctica docente?,24. ¿Con qué frecuencia usa Desmos actualmente?,25. ¿Cómo conoció Desmos por primera vez? (seleccione la opción principal),26. ¿Para qué usa o ha usado Desmos principalmente? (puede marcar más de uno),3.3 Khan Academy 27. ¿Conoce Khan Academy?,28. ¿Ha utilizado Khan Academy en su práctica docente?,29. ¿En qué año utilizó Khan Academy por primera vez en su práctica docente? (Khan Academy estuvo disponible públicamente desde 2008; rango válido: 2010 - 2026),30. ¿Con qué frecuencia usa Khan Academy actualmente?,31. ¿Cómo conoció Khan Academy por primera vez? (seleccione la opción principal),32. ¿Para qué usa o ha usado Khan Academy principalmente? (puede marcar más de uno),33. El uso de herramientas digitales mejora la calidad de mi enseñanza de matemáticas,34. Las herramientas digitales facilitan la comprensión de los contenidos matemáticos por parte de mis estudiantes,35. El uso de herramientas digitales me permite ser más eficiente en la preparación y desarrollo de mis clases,"36. En general, las herramientas digitales son útiles para la enseñanza de matemáticas",37. Aprender a usar herramientas digitales para la enseñanza de matemáticas me resulta fácil,38. Me resulta sencillo lograr que las herramientas digitales hagan lo que necesito en clase,39. Mi interacción con las herramientas digitales matemáticas es clara y comprensible,"40. En general, las herramientas digitales para matemáticas son fáciles de usar",41. Sé cómo seleccionar herramientas digitales adecuadas para enseñar contenidos matemáticos específicos,42. Puedo usar herramientas como GeoGebra o Desmos para representar conceptos matemáticos de maneras que faciliten su comprensión,43. Soy capaz de combinar herramientas digitales con estrategias pedagógicas apropiadas para el aprendizaje de matemáticas,"44. Cuando uso herramientas digitales, sé cómo adaptar su uso a las necesidades y niveles de mis estudiantes",45. Puedo evaluar si una herramienta digital realmente mejora el aprendizaje de un contenido matemático específico,46. Me siento seguro/a diseñando actividades matemáticas que integren tecnología digital de forma pedagógicamente fundamentada,"47. ¿Ha recibido alguna formación formal en el uso de tecnología para la enseñanza (TIC, herramientas digitales, entornos virtuales)?",48. ¿Cuántas horas aproximadas de formación en TIC ha recibido en total a lo largo de su carrera? (Solo si respondió Sí en la pregunta 47),49. ¿En qué modalidad recibió esa formación? (puede marcar más de uno) (Solo si respondió Sí en la pregunta 47),50. ¿Considera que la formación recibida fue suficiente para integrar herramientas digitales en sus clases de matemáticas? (Solo si respondió Sí en la pregunta 47),51. ¿Quién financió o gestionó esa formación? (puede marcar más de uno) (Solo si respondió Sí en la pregunta 47)
,Femenino,Menos de 30 años,Licenciatura / Ingeniería,Menos de 5 años,Educación General Básica (EGB);Bachillerato General Unificado (BGU),Particular (privada),Urbana,El Oro,,Sí,Regular (lenta o con interrupciones frecuentes),A veces,"Sí, proporcionados por la institución (computador, proyector, tablet);Sí, uso mis propios dispositivos personales",Raramente,Sí,Sí,No (pase a la sección 3.2),,,,,Sí,Sí,2025,Ocasionalmente (pocas veces al año),"Capacitación, taller o curso (institucional o externo)",Demostraciones o presentaciones en clase;Actividades o ejercicios interactivos para los estudiantes;Preparación de materiales didácticos;Evaluación de aprendizajes,No (Pase a la pregunta 33),,,,,,5,5,5,5,5,5,5,5,4,4,5,5,5,5,Sí,Entre 20 y 40 horas,Virtual/En línea,"Sí, fue suficiente",Yo mismo/a (autofinanciada);Una universidad o institución académica
,Femenino,60 años o más,Licenciatura / Ingeniería,Menos de 5 años,Educación General Básica (EGB),Pública fiscal,Urbana,El Oro,,Sí,Buena (funciona bien la mayor parte del tiempo),"Sí, con regularidad","Sí, proporcionados por la institución (computador, proyector, tablet)",A veces,Sí,No (pase a la sección 3.2),No (pase a la sección 3.2),2017,Ya no la utilizo,Exploración personal o búsqueda propia en internet,Demostraciones o presentaciones en clase,No (pase ala sección 3.3),No (pase ala sección 3.3),No recuerdo el año exacto,Ya no la utilizo,Exploración personal o búsqueda propia en internet,Demostraciones o presentaciones en clase,No (Pase a la pregunta 33),No (Salte a la pregunta 33),2020,Varias veces por semana,Exploración personal o búsqueda propia en internet,Demostraciones o presentaciones en clase,3,5,5,5,5,5,5,5,3,3,3,4,4,4,Sí,Entre 20 y 40 horas,Virtual/En línea,Fue parcialmente suficiente,El Ministerio de Educación
,Femenino,30–39 años,Licenciatura / Ingeniería,Menos de 5 años,Educación General Básica (EGB),Particular (privada),Urbana,El Oro,,Sí,Buena (funciona bien la mayor parte del tiempo),"Sí, con regularidad","Sí, proporcionados por la institución (computador, proyector, tablet);Sí, uso mis propios dispositivos personales",Nunca,Sí,Sí,Sí,2019,Varias veces por semana,"Capacitación, taller o curso (institucional o externo)",Demostraciones o presentaciones en clase;Actividades o ejercicios interactivos para los estudiantes,No (pase ala sección 3.3),No (pase ala sección 3.3),,Ya no la utilizo,,,No (Pase a la pregunta 33),,,,,,5,5,5,5,4,4,4,4,4,4,4,4,4,4,Sí,Menos de 20 horas,Mixta (presencial y virtual),Fue parcialmente suficiente,Yo mismo/a (autofinanciada)
,Femenino,Menos de 30 años,Maestría,Menos de 5 años,Educación General Básica (EGB),Particular (privada),Rural,El Oro,,Sí,Buena (funciona bien la mayor parte del tiempo),"Sí, con regularidad","Sí, proporcionados por la institución (computador, proyector, tablet)",Raramente,Sí,No (pase a la sección 3.2),,,,,,,,,,,,No (Pase a la pregunta 33),,,,,,5,4,5,4,5,4,4,4,5,5,4,5,4,5,Sí,Entre 20 y 40 horas,Mixta (presencial y virtual),Fue parcialmente suficiente,Una universidad o institución académica
,Femenino,Menos de 30 años,Maestría,Menos de 5 años,Bachillerato General Unificado (BGU),Particular (privada),Urbana,El Oro,,Sí,Regular (lenta o con interrupciones frecuentes),A veces,"Sí, uso mis propios dispositivos personales",Nunca,Sí,Sí,Sí,2023,Una vez por semana,"Capacitación, taller o curso (institucional o externo)",Actividades o ejercicios interactivos para los estudiantes,Sí,Sí,2024,Una vez por semana,"Capacitación, taller o curso (institucional o externo)",Actividades o ejercicios interactivos para los estudiantes;Evaluación de aprendizajes,Sí,Sí,2018,Mensualmente,"Capacitación, taller o curso (institucional o externo)",Actividades o ejercicios interactivos para los estudiantes,5,5,5,5,5,5,5,5,5,5,5,5,5,5,Sí,Más de 80 horas,Presencial;Virtual/En línea;Mixta (presencial y virtual),"Sí, fue suficiente",El Ministerio de Educación;Yo mismo/a (autofinanciada);Una universidad o institución académica
,Femenino,Menos de 30 años,Licenciatura / Ingeniería,Menos de 5 años,Educación General Básica (EGB),Particular (privada),Urbana,El Oro,,Sí,Buena (funciona bien la mayor parte del tiempo),A veces,No dispongo de dispositivos en el aula,Frecuentemente,Sí,No (pase a la sección 3.2),No (pase a la sección 3.2),2026,Ocasionalmente (pocas veces al año),Exploración personal o búsqueda propia en internet,Demostraciones o presentaciones en clase,No (pase ala sección 3.3),No (pase ala sección 3.3),2026,Ya no la utilizo,Exploración personal o búsqueda propia en internet,Demostraciones o presentaciones en clase,No (Pase a la pregunta 33),No (Salte a la pregunta 33),2026,Ya no la utilizo,Exploración personal o búsqueda propia en internet,Demostraciones o presentaciones en clase,5,5,5,5,5,5,5,5,5,5,5,5,5,5,Sí,Más de 80 horas,Virtual/En línea,"Sí, fue suficiente",El Ministerio de Educación;La institución educativa donde trabajo;Yo mismo/a (autofinanciada)
,Femenino,30–39 años,Maestría,Menos de 5 años,Educación General Básica (EGB),Particular (privada),Urbana,El Oro,,Sí,Buena (funciona bien la mayor parte del tiempo),A veces,"Sí, proporcionados por la institución (computador, proyector, tablet)",Nunca,Sí,Sí,No (pase a la sección 3.2),2004,,"Capacitación, taller o curso (institucional o externo)",Actividades o ejercicios interactivos para los estudiantes,No (pase ala sección 3.3),,,,,,No (Pase a la pregunta 33),,,,,,5,4,5,5,4,4,4,4,3,3,4,5,4,4,Sí,Más de 80 horas,Presencial;Virtual/En línea,Fue parcialmente suficiente,Yo mismo/a (autofinanciada)
,Femenino,40–49 años,Maestría,11–20 años,Bachillerato General Unificado (BGU);Educación Superior,Pública fiscal,Urbana,El Oro,,Sí,Buena (funciona bien la mayor parte del tiempo),No,"Sí, uso mis propios dispositivos personales",Raramente,Sí,Sí,No (pase a la sección 3.2),No recuerdo el año exacto,Ya no la utilizo,Un colega me la recomendó o mostró,Demostraciones o presentaciones en clase;Preparación de materiales didácticos,No (pase ala sección 3.3),No (pase ala sección 3.3),No recuerdo el año exacto,Ya no la utilizo,Un colega me la recomendó o mostró,Actividades o ejercicios interactivos para los estudiantes;Evaluación de aprendizajes,Sí,No (Salte a la pregunta 33),No recuerdo el año exacto,Ya no la utilizo,"Comunidad en línea, red social o foro educativo",Refuerzo o nivelación autónoma de los estudiantes,4,4,4,4,3,3,3,3,3,3,3,3,3,3,No (finaliza la encuesta),Menos de 20 horas,Virtual/En línea,Fue parcialmente suficiente,Yo mismo/a (autofinanciada)
,Masculino,40–49 años,Maestría,Menos de 5 años,Educación Superior,Particular (privada),Urbana,Guayas,,Sí,Buena (funciona bien la mayor parte del tiempo),"Sí, con regularidad","Sí, proporcionados por la institución (computador, proyector, tablet)",Frecuentemente,Sí,Sí,Sí,2015,Ocasionalmente (pocas veces al año),Exploración personal o búsqueda propia en internet,Demostraciones o presentaciones en clase,Sí,Sí,2023,Mensualmente,Exploración personal o búsqueda propia en internet,Preparación de materiales didácticos,No (Pase a la pregunta 33),,,,,,5,5,5,5,5,5,5,5,4,5,5,5,5,5,Sí,Entre 41 y 80 horas,Virtual/En línea,Fue parcialmente suficiente,Yo mismo/a (autofinanciada)
,Femenino,50–59 años,Maestría,11–20 años,Educación General Básica (EGB),Pública fiscal,Urbana,Bolivar,,Sí,Mala (muy poco funcional),No,"Sí, uso mis propios dispositivos personales",A veces,Sí,Sí,Sí,2026,Mensualmente,Exploración personal o búsqueda propia en internet,Demostraciones o presentaciones en clase,Sí,Sí,2024,Mensualmente,Exploración personal o búsqueda propia en internet,Demostraciones o presentaciones en clase;Actividades o ejercicios interactivos para los estudiantes;Preparación de materiales didácticos,No (Pase a la pregunta 33),No (Salte a la pregunta 33),,Ya no la utilizo,,,4,4,4,4,4,3,4,5,5,5,5,4,5,5,Sí,Más de 80 horas,Virtual/En línea,Fue parcialmente suficiente,El Ministerio de Educación;Yo mismo/a (autofinanciada)
,Masculino,40–49 años,Maestría,Menos de 5 años,Bachillerato General Unificado (BGU),Particular (privada),Urbana,Pichincha,,Sí,"Muy buena (navegación fluida, sin interrupciones)",A veces,"Sí, proporcionados por la institución (computador, proyector, tablet)",A veces,Sí,Sí,Sí,2009,Una vez por semana,Exploración personal o búsqueda propia en internet,Demostraciones o presentaciones en clase;Actividades o ejercicios interactivos para los estudiantes,No (pase ala sección 3.3),,,,,,Sí,Sí,2015,Mensualmente,Exploración personal o búsqueda propia en internet,Refuerzo o nivelación autónoma de los estudiantes,5,5,5,5,5,4,4,4,5,5,5,4,4,5,No (finaliza la encuesta),,,,
,Femenino,40–49 años,Maestría,5–10 años,Educación General Básica (EGB),Pública fiscal,Urbana,Pichincha,,Sí,"Muy buena (navegación fluida, sin interrupciones)","Sí, con regularidad","Sí, proporcionados por la institución (computador, proyector, tablet)",Frecuentemente,Sí,Sí,Sí,2024,Una vez por semana,Un colega me la recomendó o mostró,Demostraciones o presentaciones en clase;Actividades o ejercicios interactivos para los estudiantes;Preparación de materiales didácticos,Sí,Sí,2023,Ocasionalmente (pocas veces al año),"Comunidad en línea, red social o foro educativo",Actividades o ejercicios interactivos para los estudiantes,Sí,Sí,2025,Una vez por semana,"Capacitación, taller o curso (institucional o externo)",Refuerzo o nivelación autónoma de los estudiantes,5,5,5,5,5,5,5,5,5,5,5,5,5,5,Sí,Entre 20 y 40 horas,Virtual/En línea,Fue parcialmente suficiente,Yo mismo/a (autofinanciada)
,Femenino,Menos de 30 años,Licenciatura / Ingeniería,11–20 años,Educación Superior,Particular (privada),Urbana,El Oro,,Sí,Regular (lenta o con interrupciones frecuentes),A veces,"Sí, proporcionados por la institución (computador, proyector, tablet)",Frecuentemente,Sí,No (pase a la sección 3.2),No (pase a la sección 3.2),No recuerdo el año exacto,Ya no la utilizo,"Comunidad en línea, red social o foro educativo",Preparación de materiales didácticos,Sí,No (pase ala sección 3.3),No recuerdo el año exacto,Ya no la utilizo,Directriz o requisito de la institución / autoridad educativa,Evaluación de aprendizajes,No (Pase a la pregunta 33),No (Salte a la pregunta 33),No recuerdo el año exacto,Mensualmente,Directriz o requisito de la institución / autoridad educativa,Evaluación de aprendizajes,4,4,4,4,4,4,4,4,4,4,4,4,4,4,No (finaliza la encuesta),Entre 41 y 80 horas,Virtual/En línea,Fue parcialmente suficiente,Yo mismo/a (autofinanciada)
,Femenino,30–39 años,Licenciatura / Ingeniería,Menos de 5 años,Educación General Básica (EGB);Bachillerato General Unificado (BGU),Pública fiscal,Urbana,El Oro,,No (pase a la pregunta 12),,,No dispongo de dispositivos en el aula,Nunca,Sí,No (pase a la sección 3.2),,,,,,No (pase ala sección 3.3),,,,,,No (Pase a la pregunta 33),,,,,,5,5,5,5,5,5,5,5,5,5,5,5,5,5,No (finaliza la encuesta),,,,
,Femenino,40–49 años,Licenciatura / Ingeniería,Menos de 5 años,Educación General Básica (EGB),Particular (privada),Urbana,El Oro,,Sí,"Muy buena (navegación fluida, sin interrupciones)","Sí, con regularidad","Sí, proporcionados por la institución (computador, proyector, tablet);Sí, uso mis propios dispositivos personales",Frecuentemente,Sí,Sí,No (pase a la sección 3.2),2020,Ocasionalmente (pocas veces al año),Exploración personal o búsqueda propia en internet,Actividades o ejercicios interactivos para los estudiantes;Preparación de materiales didácticos,No (pase ala sección 3.3),,,,,,No (Pase a la pregunta 33),,,,,,4,4,4,4,4,3,4,3,3,3,5,4,4,5,Sí,Menos de 20 horas,Virtual/En línea,Fue parcialmente suficiente,El Ministerio de Educación
,Masculino,40–49 años,Maestría,11–20 años,Educación General Básica (EGB),Particular (privada),Urbana,El Oro,,Sí,Regular (lenta o con interrupciones frecuentes),A veces,"Sí, uso mis propios dispositivos personales",A veces,Sí,Sí,No (pase a la sección 3.2),,Ocasionalmente (pocas veces al año),"Capacitación, taller o curso (institucional o externo)",Preparación de materiales didácticos,No (pase ala sección 3.3),No (pase ala sección 3.3),,Ya no la utilizo,,,No (Pase a la pregunta 33),,,,,,5,5,5,5,5,5,5,5,3,3,4,4,4,4,Sí,Entre 20 y 40 horas,Mixta (presencial y virtual),"Sí, fue suficiente",Yo mismo/a (autofinanciada)
,Femenino,30–39 años,Especialización,5–10 años,Educación General Básica (EGB);Educación Superior,Pública fiscal,Urbana,El Oro,,Sí,Regular (lenta o con interrupciones frecuentes),"Sí, con regularidad","Sí, uso mis propios dispositivos personales",Nunca,Sí,Sí,Sí,2019,Diariamente,"Capacitación, taller o curso (institucional o externo)",Demostraciones o presentaciones en clase;Actividades o ejercicios interactivos para los estudiantes,Sí,Sí,2021,Varias veces por semana,Un colega me la recomendó o mostró,Preparación de materiales didácticos;Evaluación de aprendizajes;,Sí,Sí,2025,Ocasionalmente (pocas veces al año),Un colega me la recomendó o mostró,Refuerzo o nivelación autónoma de los estudiantes,5,3,5,4,3,4,4,3,4,5,5,5,4,5,No (finaliza la encuesta),,,,
,Femenino,Menos de 30 años,Especialización,Menos de 5 años,Educación General Básica (EGB),Pública fiscal,Urbana,El Oro,,No (pase a la pregunta 12),,,"Sí, uso mis propios dispositivos personales",A veces,Sí,No (pase a la sección 3.2),,,,,,,,,,,,,,,,,Demostraciones o presentaciones en clase;Actividades o ejercicios interactivos para los estudiantes;Preparación de materiales didácticos;Evaluación de aprendizajes;Refuerzo o nivelación autónoma de los estudiantes,1,1,1,1,1,1,1,1,1,1,2,2,2,2,No (finaliza la encuesta),,,,
,Femenino,30–39 años,Licenciatura / Ingeniería,5–10 años,Educación General Básica (EGB),Particular (privada),Urbana,El Oro,,Sí,"Muy buena (navegación fluida, sin interrupciones)",No,"Sí, uso mis propios dispositivos personales;No dispongo de dispositivos en el aula",Nunca,Sí,Sí,Sí,2021,Diariamente,"Capacitación, taller o curso (institucional o externo)",Actividades o ejercicios interactivos para los estudiantes,Sí,Sí,2021,Varias veces por semana,"Capacitación, taller o curso (institucional o externo)",Demostraciones o presentaciones en clase;Actividades o ejercicios interactivos para los estudiantes,Sí,Sí,2022,Varias veces por semana,Un colega me la recomendó o mostró,Actividades o ejercicios interactivos para los estudiantes,1,3,2,2,4,3,5,5,4,5,5,5,4,5,Sí,Entre 41 y 80 horas,Presencial;Mixta (presencial y virtual),Fue parcialmente suficiente,Yo mismo/a (autofinanciada)
,Femenino,30–39 años,Maestría,Menos de 5 años,Bachillerato General Unificado (BGU),Particular (privada),Urbana,Pichincha,,Sí,Buena (funciona bien la mayor parte del tiempo),"Sí, con regularidad","Sí, proporcionados por la institución (computador, proyector, tablet)",A veces,Sí,Sí,Sí,2019,Ocasionalmente (pocas veces al año),Directriz o requisito de la institución / autoridad educativa,Actividades o ejercicios interactivos para los estudiantes,No (pase ala sección 3.3),,,,,,No (Pase a la pregunta 33),,,,,,5,5,5,5,5,5,5,5,5,5,5,5,5,5,No (finaliza la encuesta),,,,
,Femenino,30–39 años,Especialización,Menos de 5 años,Educación General Básica (EGB),Pública fiscal,Rural,El Oro,,No (pase a la pregunta 12),,,"Sí, uso mis propios dispositivos personales",Nunca,Sí,No (pase a la sección 3.2),No (pase a la sección 3.2),,,,,No (pase ala sección 3.3),No (pase ala sección 3.3),,,,,No (Pase a la pregunta 33),,,,,,1,2,4,4,4,5,5,5,3,3,3,3,3,3,Sí,Menos de 20 horas,Mixta (presencial y virtual),Fue parcialmente suficiente,Una universidad o institución académica
,Femenino,Menos de 30 años,Maestría,Menos de 5 años,Educación Superior,Particular (privada),Urbana,El Oro,,Sí,"Muy buena (navegación fluida, sin interrupciones)","Sí, con regularidad","Sí, proporcionados por la institución (computador, proyector, tablet)",Frecuentemente,Sí,Sí,Sí,2023,Diariamente,"Capacitación, taller o curso (institucional o externo)",Actividades o ejercicios interactivos para los estudiantes,Sí,Sí,2024,Varias veces por semana,"Capacitación, taller o curso (institucional o externo)",Actividades o ejercicios interactivos para los estudiantes,Sí,Sí,2024,Varias veces por semana,"Capacitación, taller o curso (institucional o externo)",Actividades o ejercicios interactivos para los estudiantes,5,5,5,5,5,5,5,5,5,5,5,5,5,5,Sí,Entre 20 y 40 horas,Presencial,"Sí, fue suficiente",La institución educativa donde trabajo
,Femenino,Menos de 30 años,Licenciatura / Ingeniería,Menos de 5 años,Educación General Básica (EGB),Pública fiscal,Urbana,El Oro,,No (pase a la pregunta 12),,,"Sí, uso mis propios dispositivos personales",Nunca,Sí,No (pase a la sección 3.2),No (pase a la sección 3.2),,,,,,,,,,,No (Pase a la pregunta 33),,,,,,3,1,4,3,4,4,3,3,3,2,5,3,3,4,No (finaliza la encuesta),,,,
,Masculino,Menos de 30 años,Licenciatura / Ingeniería,Menos de 5 años,Educación General Básica (EGB);Bachillerato General Unificado (BGU),Pública fiscal,Urbana,El Oro,,Sí,"Muy buena (navegación fluida, sin interrupciones)","Sí, con regularidad","Sí, proporcionados por la institución (computador, proyector, tablet)",Siempre,Sí,No (pase a la sección 3.2),,,,,,No (pase ala sección 3.3),,,,,,No (Pase a la pregunta 33),,,,,,5,5,5,5,5,5,5,5,4,3,3,4,4,4,Sí,Entre 20 y 40 horas,Virtual/En línea,Fue parcialmente suficiente,La institución educativa donde trabajo
,Femenino,Menos de 30 años,Licenciatura / Ingeniería,Menos de 5 años,Educación General Básica (EGB);Bachillerato General Unificado (BGU);Educación Superior,Particular (privada),Urbana,Azuay,,Sí,Regular (lenta o con interrupciones frecuentes),A veces,"Sí, uso mis propios dispositivos personales",A veces,Sí,Sí,Sí,2022,Ocasionalmente (pocas veces al año),Directriz o requisito de la institución / autoridad educativa,Actividades o ejercicios interactivos para los estudiantes,Sí,Sí,2023,Ocasionalmente (pocas veces al año),Directriz o requisito de la institución / autoridad educativa,Actividades o ejercicios interactivos para los estudiantes;Preparación de materiales didácticos,Sí,Sí,2023,Ocasionalmente (pocas veces al año),Directriz o requisito de la institución / autoridad educativa,Actividades o ejercicios interactivos para los estudiantes;Preparación de materiales didácticos,4,4,4,4,5,4,4,3,4,4,4,4,4,4,Sí,Entre 20 y 40 horas,Presencial,Fue parcialmente suficiente,La institución educativa donde trabajo
,Masculino,40–49 años,Maestría,11–20 años,Educación General Básica (EGB),Pública fiscal,Periurbana,Guayas,,Sí,Buena (funciona bien la mayor parte del tiempo),"Sí, con regularidad","Sí, uso mis propios dispositivos personales",Nunca,Sí,Sí,Sí,2005,Ya no la utilizo,Exploración personal o búsqueda propia en internet,Demostraciones o presentaciones en clase;Actividades o ejercicios interactivos para los estudiantes,Sí,No (pase ala sección 3.3),2014,Ya no la utilizo,Un colega me la recomendó o mostró,Preparación de materiales didácticos,No (Pase a la pregunta 33),No (Salte a la pregunta 33),No recuerdo el año exacto,Ya no la utilizo,Exploración personal o búsqueda propia en internet,Refuerzo o nivelación autónoma de los estudiantes,5,5,5,5,5,5,5,5,5,5,5,5,5,5,Sí,Menos de 20 horas,Virtual/En línea,Fue parcialmente suficiente,Yo mismo/a (autofinanciada)
,Femenino,30–39 años,Licenciatura / Ingeniería,11–20 años,Bachillerato General Unificado (BGU),Pública fiscal,Urbana,El Oro,,Sí,"Muy buena (navegación fluida, sin interrupciones)","Sí, con regularidad","Sí, uso mis propios dispositivos personales",Frecuentemente,Sí,No (pase a la sección 3.2),,,,,,No (pase ala sección 3.3),,,,,,No (Pase a la pregunta 33),,,,,,5,5,5,5,5,5,5,5,5,5,5,5,5,3,Sí,Menos de 20 horas,Virtual/En línea,Fue parcialmente suficiente,El Ministerio de Educación
,Femenino,40–49 años,Maestría,Menos de 5 años,Educación General Básica (EGB),Pública fiscal,Urbana,El Oro,,Sí,Buena (funciona bien la mayor parte del tiempo),"Sí, con regularidad",No dispongo de dispositivos en el aula,A veces,Sí,No (pase a la sección 3.2),No (pase a la sección 3.2),,,,,No (pase ala sección 3.3),,,,,,No (Pase a la pregunta 33),,,,,,4,4,4,4,4,3,3,4,3,3,3,3,3,3,Sí,Entre 20 y 40 horas,Virtual/En línea,Fue parcialmente suficiente,Yo mismo/a (autofinanciada)
,Masculino,40–49 años,Maestría,5–10 años,Educación General Básica (EGB),Pública fiscal,Urbana,El Oro,,Sí,Regular (lenta o con interrupciones frecuentes),A veces,"Sí, uso mis propios dispositivos personales",Nunca,Sí,Sí,No (pase a la sección 3.2),,,Exploración personal o búsqueda propia en internet,,No (pase ala sección 3.3),,,,,,No (Pase a la pregunta 33),,,,,,5,5,5,5,5,5,5,5,5,5,5,5,5,5,Sí,Entre 41 y 80 horas,Virtual/En línea,No fue suficiente,Una universidad o institución académica
,Masculino,40–49 años,Maestría,11–20 años,Educación General Básica (EGB),Pública fiscal,Urbana,El Oro,,Sí,Buena (funciona bien la mayor parte del tiempo),"Sí, con regularidad","Sí, uso mis propios dispositivos personales",Frecuentemente,Sí,No (pase a la sección 3.2),No (pase a la sección 3.2),,,,,,,,,,,No (Pase a la pregunta 33),No (Salte a la pregunta 33),,,,,5,5,5,5,5,5,5,5,4,1,3,4,3,3,Sí,Más de 80 horas,Virtual/En línea,Fue parcialmente suficiente,El Ministerio de Educación;Yo mismo/a (autofinanciada)
,Femenino,40–49 años,Maestría,11–20 años,Educación General Básica (EGB),Pública fiscal,Urbana,El Oro,,Sí,Buena (funciona bien la mayor parte del tiempo),"Sí, con regularidad","Sí, uso mis propios dispositivos personales",Nunca,Sí,No (pase a la sección 3.2),No (pase a la sección 3.2),No recuerdo el año exacto,Ya no la utilizo,No se,Nx,No (pase ala sección 3.3),No (pase ala sección 3.3),No recuerdo el año exacto,Ya no la utilizo,Nx,Nx,No (Pase a la pregunta 33),No (Salte a la pregunta 33),No recuerdo el año exacto,Ya no la utilizo,"Comunidad en línea, red social o foro educativo",Refuerzo o nivelación autónoma de los estudiantes,5,5,5,5,5,5,5,5,5,5,5,5,5,5,Sí,Entre 20 y 40 horas,Virtual/En línea,Fue parcialmente suficiente,El Ministerio de Educación
,Femenino,40–49 años,Licenciatura / Ingeniería,5–10 años,Educación General Básica (EGB),Pública fiscal,Urbana,El Oro,,Sí,Buena (funciona bien la mayor parte del tiempo),"Sí, con regularidad",No dispongo de dispositivos en el aula,Nunca,Sí,Sí,Sí,2024,Ocasionalmente (pocas veces al año),Un colega me la recomendó o mostró,Actividades o ejercicios interactivos para los estudiantes;Preparación de materiales didácticos;Evaluación de aprendizajes,No (pase ala sección 3.3),No (pase ala sección 3.3),No recuerdo el año exacto,Ya no la utilizo,"Comunidad en línea, red social o foro educativo",Demostraciones o presentaciones en clase,No (Pase a la pregunta 33),No (Salte a la pregunta 33),,,,,5,5,5,5,5,5,5,5,5,5,5,5,5,5,Sí,Entre 20 y 40 horas,Virtual/En línea,Fue parcialmente suficiente,El Ministerio de Educación
,Masculino,40–49 años,Licenciatura / Ingeniería,11–20 años,Educación General Básica (EGB),Pública fiscal,Urbana,El Oro,,Sí,"Muy buena (navegación fluida, sin interrupciones)","Sí, con regularidad","Sí, uso mis propios dispositivos personales",Nunca,Sí,No (pase a la sección 3.2),No (pase a la sección 3.2),,Ya no la utilizo,No utilizo,No uso,No (pase ala sección 3.3),No (pase ala sección 3.3),,Ya no la utilizo,No uso,No uso,No (Pase a la pregunta 33),No (Salte a la pregunta 33),,,,,5,5,5,5,5,5,5,5,5,1,5,5,5,5,Sí,Más de 80 horas,Virtual/En línea,Fue parcialmente suficiente,El Ministerio de Educación
,Masculino,40–49 años,Maestría,11–20 años,Educación General Básica (EGB),Pública fiscal,Urbana,El Oro,,Sí,"Muy buena (navegación fluida, sin interrupciones)","Sí, con regularidad","Sí, uso mis propios dispositivos personales",Siempre,Sí,No (pase a la sección 3.2),,,,,,No (pase ala sección 3.3),,,,,,No (Pase a la pregunta 33),,,,,,5,5,5,5,5,5,5,5,4,1,5,5,5,5,Sí,Entre 41 y 80 horas,Virtual/En línea,"Sí, fue suficiente",El Ministerio de Educación
